nag_prob,p_prob,ag_prob,lgd_prob,hgd_prob,c_prob,nag_pred,p_pred,ag_pred,lgd_pred,hgd_pred,c_pred,nag_true,p_true,ag_true,lgd_true,hgd_true,c_true,filename,pred_label,gt,slide_num_adj,matched_20c,miss_highest_prob,mul_pred,mul_gt
0.1932070255279541,0.2550705671310425,0.9459635615348816,0.4096466898918152,0.2255668044090271,0.2835126519203186,0,0,1,0,0,0,0,0,1,0,0,0,AG_sample.TMAP,ag,ag,AG_sample,慢性萎缩性胃炎,0.4096466898918152,ag,ag
0.20409971475601196,0.9438292980194092,0.28789591789245605,0.24698013067245483,0.23287075757980347,0.2731980085372925,0,1,0,0,0,0,0,1,0,0,0,0,P_sample.TMAP,p,p,P_sample,炎性息肉,0.28789591789245605,p,p
0.5035414695739746,0.4199828505516052,0.3498501777648926,0.21674710512161255,0.2293996810913086,0.2259029746055603,1,0,0,0,0,0,1,0,0,0,0,0,NAG_sample.TMAP,nag,nag,NAG_sample,慢性非萎缩性胃炎,0.4199828505516052,nag,nag
0.21409958600997925,0.2791488766670227,0.21404492855072021,0.23308265209197998,0.22315025329589844,0.8992927074432373,0,0,0,0,0,1,0,0,0,0,0,1,C_sample.TMAP,c,c,C_sample,低分化腺癌,0.2791488766670227,c,c
0.1975821852684021,0.21390795707702637,0.21291875839233398,0.9926466345787048,0.9847631454467773,0.3388022184371948,0,0,0,1,1,0,0,0,0,0,1,0,HGD_sample.sdpc,hgd,hgd,HGD_sample,高级别异型增生,0.9926466345787048,lgd_hgd,hgd
0.2258920669555664,0.2322823405265808,0.6109561324119568,0.9959070086479187,0.40682291984558105,0.390275776386261,0,0,1,1,0,0,0,0,0,1,0,0,LGD_sample.TMAP,lgd,lgd,LGD_sample,低级别异型增生,0.6109561324119568,ag_lgd,lgd
